images,labels
yes/Y38.jpg,yes
yes/Y10.jpg,yes
no/no 3.jpg,no
yes/Y192.JPG,yes
yes/Y98.JPG,yes
no/19 no.jpg,no
yes/Y81.jpg,yes
yes/Y97.JPG,yes
yes/Y148.JPG,yes
yes/Y193.JPG,yes
yes/Y77.jpg,yes
yes/Y184.JPG,yes
yes/Y86.JPG,yes
no/No22.jpg,no
yes/Y120.JPG,yes
yes/Y45.JPG,yes
no/No21.jpg,no
no/41 no.jpg,no
yes/Y116.JPG,yes
no/35 no.jpg,no
yes/Y254.jpg,yes
no/no 5.jpeg,no
yes/Y53.jpg,yes
no/N15.jpg,no
yes/Y113.JPG,yes
yes/Y75.JPG,yes
yes/Y257.jpg,yes
no/24 no.jpg,no
no/no 8.jpg,no
yes/Y117.JPG,yes
yes/Y39.jpg,yes
yes/Y13.jpg,yes
yes/Y9.jpg,yes
yes/Y70.jpg,yes
no/no 100.jpg,no
no/N5.jpg,no
no/43 no.jpg,no
yes/Y92.png,yes
yes/Y16.JPG,yes
yes/Y85.JPG,yes
no/7 no.jpg,no
yes/Y74.jpg,yes
yes/Y102.jpg,yes
yes/Y52.jpg,yes
yes/Y168.jpg,yes
no/no.jpg,no
yes/Y157.JPG,yes
yes/Y17.jpg,yes
yes/Y187.jpg,yes
no/34 no.jpg,no
no/46 no.jpg,no
yes/Y56.jpg,yes
no/18 no.jpg,no
no/20 no.jpg,no
no/11 no.jpg,no
no/42 no.jpg,no
no/9 no.jpg,no
no/N22.JPG,no
yes/Y82.jpg,yes
yes/Y90.jpg,yes
yes/Y61.jpg,yes
no/14 no.jpg,no
yes/Y58.JPG,yes
no/N21.jpg,no
yes/Y32.jpg,yes
no/no 9.png,no
no/No18.jpg,no
no/No15.jpg,no
yes/Y153.jpg,yes
yes/Y182.JPG,yes
yes/Y24.jpg,yes
no/N2.JPG,no
no/39 no.jpg,no
no/10 no.jpg,no
yes/Y159.JPG,yes
yes/Y258.JPG,yes
no/12 no.jpg,no
yes/Y51.jpg,yes
yes/Y55.jpg,yes
yes/Y183.jpg,yes
no/31 no.jpg,no
yes/Y19.JPG,yes
yes/Y40.JPG,yes
yes/Y41.jpg,yes
no/26 no.jpg,no
no/8 no.jpg,no
no/no 7.jpeg,no
yes/Y8.jpg,yes
yes/Y26.jpg,yes
no/no 94.jpg,no
yes/Y37.jpg,yes
no/25 no.jpg,no
no/28 no.jpg,no
yes/Y108.jpg,yes
no/No12.jpg,no
yes/Y163.JPG,yes
yes/Y4.jpg,yes
no/47 no.jpg,no
yes/Y25.jpg,yes
no/no 10.jpg,no
no/3 no.jpg,no
yes/Y251.JPG,yes
yes/Y114.JPG,yes
no/22 no.jpg,no
no/No11.jpg,no
yes/Y115.JPG,yes
yes/Y31.jpg,yes
no/N20.JPG,no
yes/Y164.JPG,yes
yes/Y244.JPG,yes
yes/Y18.JPG,yes
yes/Y34.jpg,yes
no/no 90.jpg,no
yes/Y99.JPG,yes
no/44no.jpg,no
yes/Y73.jpg,yes
yes/Y62.jpg,yes
yes/Y47.JPG,yes
no/no 95.jpg,no
yes/Y195.JPG,yes
no/No13.jpg,no
yes/Y11.jpg,yes
no/2 no.jpeg,no
yes/Y89.JPG,yes
no/N17.jpg,no
yes/Y248.JPG,yes
no/23 no.jpg,no
no/1 no.jpeg,no
no/N16.jpg,no
yes/Y76.jpg,yes
yes/Y36.JPG,yes
yes/Y21.jpg,yes
yes/Y67.JPG,yes
yes/Y256.JPG,yes
yes/Y154.jpg,yes
no/no 98.jpg,no
yes/Y180.jpg,yes
yes/Y79.jpg,yes
no/50 no.jpg,no
yes/Y71.JPG,yes
no/no 99.jpg,no
yes/Y35.jpg,yes
yes/Y42.jpg,yes
no/No20.jpg,no
no/N1.JPG,no
yes/Y245.jpg,yes
no/29 no.jpg,no
yes/Y46.jpg,yes
no/5 no.jpg,no
yes/Y109.JPG,yes
no/no 91.jpeg,no
no/No16.jpg,no
yes/Y20.jpg,yes
yes/Y162.jpg,yes
yes/Y33.jpg,yes
no/no 97.jpg,no
no/45 no.jpg,no
no/no 96.jpg,no
yes/Y30.jpg,yes
yes/Y259.JPG,yes
yes/Y12.jpg,yes
yes/Y78.jpg,yes
yes/Y54.jpg,yes
yes/Y246.JPG,yes
yes/Y66.JPG,yes
yes/Y15.jpg,yes
no/4 no.jpg,no
yes/Y167.JPG,yes
yes/Y155.JPG,yes
no/13 no.jpg,no
yes/Y29.jpg,yes
no/40 no.jpg,no
no/no 2.jpg,no
yes/Y252.jpg,yes
yes/Y169.jpg,yes
yes/Y255.JPG,yes
yes/Y104.jpg,yes
yes/Y170.JPG,yes
yes/Y49.JPG,yes
no/N19.JPG,no
yes/Y22.jpg,yes
yes/Y166.JPG,yes
yes/Y106.jpg,yes
yes/Y92.jpg,yes
no/30 no.jpg,no
yes/Y250.jpg,yes
yes/Y243.JPG,yes
yes/Y6.jpg,yes
no/no 92.jpg,no
yes/Y161.JPG,yes
yes/Y96.jpg,yes
no/no 89.jpg,no
yes/Y2.jpg,yes
yes/Y27.jpg,yes
yes/Y28.jpg,yes
yes/Y65.JPG,yes
yes/Y111.JPG,yes
yes/Y249.JPG,yes
yes/Y181.jpg,yes
yes/Y91.jpg,yes
yes/Y242.JPG,yes
yes/Y1.jpg,yes
yes/Y14.jpg,yes
yes/Y103.jpg,yes
yes/Y60.jpg,yes
yes/Y147.JPG,yes
no/17 no.jpg,no
no/N26.JPG,no
yes/Y253.JPG,yes
yes/Y247.JPG,yes
no/36 no.jpg,no
yes/Y23.JPG,yes
no/No14.jpg,no
no/N3.jpg,no
yes/Y186.jpg,yes
no/15 no.jpg,no
no/48 no.jpeg,no
yes/Y95.jpg,yes
no/no 1.jpg,no
yes/Y44.JPG,yes
yes/Y69.jpg,yes
no/no 6.jpg,no
yes/Y59.JPG,yes
no/No19.jpg,no
yes/Y50.JPG,yes
no/38 no.jpg,no
yes/Y146.JPG,yes
yes/Y156.JPG,yes
no/no 923.jpg,no
yes/Y101.jpg,yes
no/No17.jpg,no
no/27 no.jpg,no
yes/Y158.JPG,yes
no/37 no.jpg,no
no/33 no.jpg,no
yes/Y188.jpg,yes
no/N6.jpg,no
yes/Y185.jpg,yes
no/no 4.jpg,no
no/21 no.jpg,no
yes/Y160.JPG,yes
yes/Y112.JPG,yes
no/32 no.jpg,no
yes/Y3.jpg,yes
yes/Y7.jpg,yes
yes/Y165.JPG,yes
yes/Y194.jpg,yes
no/49 no.jpg,no
no/N11.jpg,no
no/6 no.jpg,no
yes/Y107.jpg,yes
yes/Y100.JPG,yes
yes/Y105.jpg,yes
